intensity,before,after
0,0,111
1,0,246
2,2,250
3,6,235
4,8,287
5,16,207
6,20,290
7,29,249
8,30,272
9,24,275
10,33,148
11,46,314
12,34,169
13,55,380
14,54,163
15,42,367
16,49,196
17,44,217
18,61,212
19,54,208
20,52,454
21,58,250
22,52,222
23,73,238
24,71,244
25,61,266
26,85,254
27,70,283
28,108,267
29,99,305
30,96,0
31,90,310
32,104,289
33,124,315
34,125,294
35,133,301
36,139,0
37,136,334
38,139,326
39,148,308
40,165,0
41,149,361
42,169,350
43,199,326
44,181,344
45,163,0
46,171,333
47,196,386
48,196,0
49,217,355
50,212,376
51,208,0
52,234,372
53,220,363
54,250,372
55,222,0
56,238,343
57,244,364
58,266,0
59,254,393
60,283,403
61,267,0
62,305,392
63,310,387
64,289,0
65,315,404
66,294,370
67,301,0
68,334,382
69,326,399
70,308,0
71,361,439
72,350,0
73,326,381
74,344,406
75,333,0
76,386,416
77,355,443
78,376,0
79,372,449
80,363,0
81,372,414
82,343,405
83,364,0
84,393,429
85,403,0
86,392,451
87,387,0
88,404,429
89,370,405
90,382,0
91,399,431
92,439,407
93,381,0
94,406,473
95,416,0
96,443,414
97,449,404
98,414,0
99,405,445
100,429,0
101,451,422
102,429,436
103,405,0
104,431,419
105,407,0
106,473,421
107,414,411
108,404,0
109,445,435
110,422,0
111,436,434
112,419,0
113,421,480
114,411,454
115,435,0
116,434,431
117,480,0
118,454,420
119,431,415
120,420,0
121,415,462
122,462,0
123,434,434
124,469,0
125,452,469
126,469,452
127,420,0
128,414,469
129,425,0
130,442,420
131,439,414
132,402,0
133,463,425
134,424,0
135,497,442
136,411,439
137,456,0
138,434,402
139,440,0
140,431,463
141,442,424
142,441,0
143,437,497
144,448,0
145,452,411
146,412,0
147,426,456
148,418,434
149,412,0
150,422,440
151,432,0
152,427,431
153,429,0
154,407,442
155,425,441
156,440,0
157,420,437
158,408,0
159,443,448
160,401,0
161,392,452
162,400,412
163,390,0
164,394,426
165,392,418
166,383,0
167,403,412
168,367,0
169,389,422
170,380,432
171,390,0
172,378,427
173,341,0
174,380,429
175,355,407
176,362,0
177,341,425
178,371,0
179,343,440
180,342,420
181,323,0
182,340,408
183,352,0
184,340,443
185,289,401
186,294,0
187,290,392
188,294,400
189,286,0
190,269,390
191,275,394
192,271,0
193,261,392
194,268,383
195,295,0
196,241,403
197,240,367
198,229,0
199,215,389
200,229,380
201,208,0
202,238,390
203,208,378
204,210,0
205,196,341
206,174,380
207,160,355
208,184,0
209,186,362
210,166,341
211,176,0
212,155,371
213,160,343
214,136,342
215,147,0
216,119,323
217,139,340
218,119,352
219,134,0
220,103,340
221,100,289
222,95,294
223,95,290
224,97,294
225,94,286
226,77,269
227,74,275
228,62,271
229,71,261
230,64,268
231,58,0
232,57,295
233,58,481
234,57,229
235,59,215
236,39,229
237,47,208
238,44,238
239,47,418
240,31,196
241,32,334
242,40,184
243,34,186
244,35,342
245,23,315
246,19,136
247,18,266
248,10,258
249,8,337
250,3,287
251,0,245
252,0,255
253,0,270
254,0,241
255,0,150
