block,operation,gpu_ms,max_error
"(8, 8)",binarized,0.06286303202311198,0
"(8, 8)",brightness,0.059445699055989586,0
"(8, 8)",blended,0.09361902872721355,0
"(16, 16)",binarized,0.04657109578450521,0
"(16, 16)",brightness,0.05427996317545573,0
"(16, 16)",blended,0.05841255187988281,0
"(32, 16)",binarized,0.0404516855875651,0
"(32, 16)",brightness,0.044345855712890625,0
"(32, 16)",blended,0.054995218912760414,0
"(32, 32)",binarized,0.06492932637532552,0
"(32, 32)",brightness,0.05968411763509115,0
"(32, 32)",blended,0.06850560506184895,0
